130,127,125,123,123,121,122,120,119,118,117,116,116,115,115,114,113,111,109,108,107,107,110,110,112,115,117,119,118,113,112,109,110,106,106,99,67,71,66,64,40,47,56,53,72,69,53,40,36,45,67,65,92,102,109,97,73,75,101,106,107,108,105,106,106,108,106,105,107,112,108,105,107,107,107,106,106,107,106,106,107,106,108,107,107,106,107,108,108,109,109,107,107,107,104,103,105,104,107,105,102,103,102,101,99,101,101,101,101,101,101,101,101,102,105,107,106,104,104,104,102,102,102,102,100,99,100,102
134,133,133,132,132,129,125,120,117,119,120,118,117,115,114,115,114,113,110,108,107,110,112,111,111,115,118,118,115,114,112,109,109,107,107,81,69,84,62,55,41,46,54,48,59,72,56,39,44,44,66,63,89,107,106,107,88,66,86,107,109,109,106,108,94,65,56,56,61,77,109,111,106,110,109,108,109,109,108,108,108,107,107,108,108,108,109,109,108,108,109,107,108,106,105,106,108,107,107,106,105,104,104,103,101,102,104,103,103,103,103,102,102,104,104,104,103,103,103,103,103,102,102,101,100,99,101,102
136,135,134,135,135,134,130,124,119,120,122,120,118,117,115,117,116,114,113,110,110,112,114,113,114,115,116,118,115,114,112,110,109,110,103,65,75,78,53,45,40,45,54,44,52,61,45,51,66,46,65,76,79,102,106,109,103,77,67,103,112,111,110,81,34,21,21,29,22,10,62,119,107,110,109,110,109,109,109,110,110,109,109,109,109,109,110,111,109,109,110,108,108,107,107,108,107,108,106,107,107,104,104,103,103,104,103,104,104,104,104,103,104,105,106,104,104,104,103,103,102,102,102,101,101,99,102,101
135,134,132,133,134,133,131,129,127,124,123,121,118,116,118,117,116,115,116,113,112,115,116,115,115,115,117,117,115,114,113,109,111,114,94,52,69,67,58,50,40,40,49,43,44,42,36,77,94,66,84,90,70,90,107,107,110,97,74,98,112,111,87,34,24,25,23,19,17,14,13,81,116,116,115,108,110,112,111,112,113,111,111,112,111,112,112,113,112,109,111,109,109,109,109,110,109,109,108,107,107,105,105,105,105,105,105,105,104,104,103,103,106,107,105,105,104,103,103,104,102,103,101,100,101,100,101,100
134,133,133,133,133,134,134,133,129,128,126,123,120,119,119,119,119,118,117,116,115,118,118,116,117,117,118,118,118,115,113,110,110,115,81,46,52,59,70,71,40,39,46,45,38,32,47,97,102,90,105,107,78,74,102,109,110,107,95,103,112,96,41,25,30,24,20,19,17,18,9,41,116,94,94,113,113,113,114,114,113,113,114,114,115,113,113,112,112,112,112,110,111,108,109,111,110,109,108,107,108,107,106,106,106,106,106,106,107,106,107,106,106,107,107,105,104,103,103,104,104,103,102,101,100,101,99,101
136,133,133,133,134,135,136,133,130,130,127,124,122,120,120,121,119,118,118,119,120,125,121,118,119,118,118,118,118,115,113,112,112,115,76,45,48,52,68,79,39,46,68,50,37,34,60,98,99,106,113,114,98,71,90,112,112,110,106,108,106,54,23,23,19,20,21,18,15,17,14,20,62,41,38,67,104,114,114,115,116,116,116,116,115,114,114,111,112,112,112,112,111,110,111,111,109,109,109,108,109,108,108,107,108,108,108,108,108,107,107,109,107,106,107,105,104,104,103,104,104,103,103,103,100,102,100,101
141,137,133,132,134,134,135,134,131,129,128,127,123,122,122,122,121,119,119,123,128,128,123,120,122,119,120,120,118,116,115,114,114,112,71,47,47,47,56,64,38,46,73,45,40,51,58,91,103,115,116,116,113,88,73,104,117,115,112,111,68,28,23,17,19,22,20,21,16,14,14,29,40,33,34,25,43,90,114,117,118,117,118,117,117,115,114,113,114,113,113,115,113,112,112,111,111,110,108,108,109,110,110,109,109,111,109,109,109,109,108,107,106,105,106,105,104,105,104,104,104,103,103,104,102,101,101,102
144,144,140,136,135,133,131,130,131,132,129,128,126,124,124,124,122,122,121,125,131,131,124,122,123,121,121,121,121,118,117,115,114,99,65,46,41,48,50,46,38,42,54,38,61,73,55,85,110,118,117,116,117,107,81,95,119,116,115,94,38,23,17,20,22,19,16,14,14,15,13,35,33,24,26,28,20,31,97,119,118,119,118,118,119,120,120,116,115,114,115,116,115,115,113,111,111,111,111,110,111,111,111,111,111,110,110,109,109,110,111,109,109,108,110,107,105,105,105,103,105,103,103,104,104,101,100,101
146,144,146,144,142,136,132,128,129,129,129,129,128,127,126,125,125,120,121,126,132,133,129,126,125,123,120,122,122,119,118,118,110,79,54,41,37,48,51,45,40,41,39,40,79,81,66,80,106,117,120,119,119,116,102,103,119,117,115,65,28,17,19,25,20,22,23,23,19,17,20,21,21,22,20,22,22,17,59,112,117,120,120,121,120,120,120,118,118,116,116,117,116,116,115,114,113,114,113,113,113,114,113,113,111,111,112,111,110,110,110,109,108,108,109,108,106,105,105,104,105,104,103,103,103,102,101,101
148,148,147,147,146,143,136,132,131,127,125,125,128,128,128,126,128,121,122,124,130,132,129,125,126,124,121,122,122,121,120,120,100,63,46,37,39,48,48,44,40,41,39,42,76,80,85,75,94,116,118,118,121,119,116,113,120,121,100,43,23,20,24,24,20,21,22,19,19,18,24,21,17,19,17,20,23,19,28,89,116,119,120,123,122,122,122,121,120,120,118,118,116,117,117,115,115,115,116,115,115,114,113,114,112,113,113,112,111,111,111,110,108,108,106,107,106,105,105,105,105,104,103,103,102,102,103,104
150,150,149,148,145,144,142,141,137,131,125,122,126,128,127,128,130,119,120,125,127,126,125,124,125,124,122,123,123,122,122,124,90,51,41,38,41,49,42,42,43,40,40,41,65,82,103,86,79,110,118,118,120,119,121,120,121,120,73,29,25,24,26,18,17,19,14,14,16,14,24,35,18,18,22,18,17,20,15,46,111,121,120,122,124,124,122,121,123,122,122,121,118,118,117,117,118,118,117,116,116,117,115,115,115,114,113,113,114,114,112,112,110,109,108,107,108,107,106,104,105,105,106,104,105,105,103,104
155,152,150,150,147,145,143,143,141,135,130,126,127,125,122,123,127,120,121,126,128,125,125,124,124,124,121,122,123,123,123,127,78,43,40,41,43,47,40,36,41,40,42,41,66,87,112,109,78,95,120,120,118,119,120,121,124,113,54,29,26,26,21,14,17,14,13,15,17,15,26,29,21,24,22,15,14,16,18,15,85,121,120,123,123,124,123,123,122,123,124,122,120,120,119,119,119,119,118,119,119,117,117,117,117,115,115,114,116,113,113,112,112,112,109,109,109,108,107,104,106,107,105,105,104,104,105,106
155,154,152,150,148,146,143,144,143,137,132,133,138,133,122,118,123,121,123,128,128,128,127,125,123,122,123,124,125,124,124,125,87,46,40,43,44,45,41,38,39,42,43,44,59,85,119,121,97,75,108,125,124,120,121,122,121,99,44,27,30,25,15,16,14,14,14,12,18,18,27,26,26,24,21,15,12,17,16,14,44,118,123,126,123,123,123,124,125,127,124,123,122,122,122,120,122,119,120,119,121,118,116,116,117,117,117,115,116,113,113,114,113,112,111,110,110,108,107,106,105,106,107,106,104,104,104,104
153,154,154,151,150,149,146,145,143,138,136,137,148,142,127,123,123,120,122,124,127,130,131,128,124,123,124,124,126,126,126,126,109,59,45,43,46,44,40,39,43,42,43,47,51,82,125,124,116,84,95,128,126,124,125,123,122,82,35,32,29,18,18,14,13,14,12,11,19,21,31,25,17,15,17,21,14,14,16,14,16,95,130,129,125,123,125,123,127,129,126,124,124,124,124,122,123,122,121,121,121,120,118,118,119,117,118,117,118,115,115,116,114,114,112,110,110,109,108,109,109,107,107,106,104,104,104,104
153,152,152,151,151,150,148,146,142,141,144,144,151,145,132,129,130,127,125,123,124,126,128,131,128,125,125,123,125,128,130,128,119,74,76,56,47,44,42,45,46,43,41,45,51,89,127,125,125,108,105,128,127,126,125,125,120,66,35,34,24,16,15,11,14,15,21,29,24,19,24,26,14,12,11,14,17,16,15,13,10,70,130,129,128,127,127,126,129,130,129,126,126,128,127,124,125,124,123,124,123,121,120,121,121,121,119,119,118,117,116,117,114,114,113,110,112,111,109,109,109,108,109,108,107,107,106,106
154,151,149,148,147,149,149,148,143,143,147,152,155,143,133,133,136,137,134,128,123,122,124,129,131,127,125,124,125,127,129,132,116,84,109,89,51,42,42,45,45,44,41,42,54,99,129,126,126,124,122,128,129,128,128,129,108,51,35,31,18,20,11,14,14,26,54,61,53,25,27,26,17,18,16,14,12,15,18,13,7,40,124,130,130,128,131,136,133,129,126,128,129,128,127,125,126,127,125,125,124,122,123,123,123,123,121,120,119,120,118,117,115,114,115,113,114,113,110,110,109,109,109,109,109,109,109,108
156,154,150,147,145,144,144,144,144,147,149,154,157,143,136,139,140,142,142,135,130,126,124,128,131,130,127,128,128,128,129,133,110,90,119,98,54,43,43,46,45,46,42,47,68,106,131,128,129,128,127,129,129,130,131,131,94,46,37,30,20,18,12,15,28,52,72,76,85,65,33,33,23,12,13,13,14,14,17,17,10,24,112,132,130,131,136,139,138,132,126,129,129,130,129,128,129,131,129,128,123,125,125,125,123,124,123,122,121,121,120,118,117,118,116,113,113,111,110,109,109,109,109,108,108,108,108,106
159,155,154,152,148,144,143,141,142,147,152,156,157,143,139,142,143,144,144,136,134,134,133,131,130,128,125,127,128,130,130,135,106,96,105,88,55,67,53,43,51,47,41,76,90,111,132,128,130,129,129,130,131,131,133,125,85,46,40,28,22,14,17,24,51,64,86,95,89,95,49,29,17,14,17,11,13,15,15,20,12,13,96,135,133,134,137,139,138,133,133,132,131,129,128,131,132,132,129,127,125,126,126,125,125,125,126,124,123,123,121,120,120,119,116,113,114,114,110,109,109,109,108,108,108,108,108,107
163,158,156,155,153,149,145,142,142,145,152,156,152,146,144,146,147,147,144,138,135,136,139,136,131,128,125,122,124,128,129,135,99,96,87,94,63,92,64,50,59,50,59,108,98,113,133,130,131,130,130,131,134,132,132,120,72,44,36,21,18,15,18,40,66,72,101,99,91,97,68,24,21,31,33,18,11,14,13,18,14,8,79,136,135,138,139,140,140,136,135,136,136,132,129,131,133,131,131,129,127,127,127,128,128,128,128,126,124,124,123,121,120,118,118,115,114,114,112,110,109,108,108,108,108,108,108,108
168,164,161,157,155,151,148,146,145,147,153,149,144,144,149,149,151,148,143,138,135,136,137,137,134,130,129,125,124,125,124,130,94,81,89,109,72,95,66,72,61,57,88,123,97,120,134,131,131,131,131,134,136,133,132,110,59,45,31,20,16,15,22,64,81,97,109,98,90,93,78,37,45,49,35,23,11,12,14,17,14,7,73,136,135,142,140,139,139,138,138,137,138,136,134,135,134,132,131,131,131,132,132,131,131,132,130,126,125,125,125,121,120,118,118,117,117,114,113,111,109,109,110,110,109,109,108,108
170,168,167,165,161,159,153,147,148,153,155,147,142,141,147,149,152,150,145,138,134,135,134,135,135,131,131,130,128,125,123,124,80,74,105,108,69,87,66,92,65,66,95,123,93,125,133,134,134,135,133,135,137,134,132,92,53,44,27,19,17,16,42,84,103,108,111,102,89,94,80,55,68,58,37,30,13,13,12,18,15,6,71,136,137,145,139,138,139,139,138,136,137,137,138,139,135,134,132,130,130,134,134,134,134,132,131,128,125,125,124,122,121,120,119,118,115,113,111,110,110,110,110,110,110,109,109,109
170,169,169,167,167,163,156,149,150,152,148,148,148,140,144,144,147,148,142,139,135,136,134,134,132,130,128,130,130,131,129,121,67,81,113,93,72,100,71,109,69,90,91,105,95,130,133,135,133,134,135,136,135,137,124,70,54,43,20,17,17,18,58,93,106,108,118,104,88,95,82,69,75,59,42,31,16,15,13,14,15,5,74,138,144,151,138,137,139,138,138,137,138,137,139,140,138,138,134,131,132,133,134,135,133,131,131,128,126,126,124,124,121,120,119,119,115,114,112,112,111,110,110,110,111,109,109,109
172,170,170,169,165,162,158,154,153,149,144,149,151,141,144,143,144,143,136,137,135,137,135,135,132,131,130,130,132,131,134,121,64,84,104,78,82,106,79,119,63,107,105,87,94,136,135,135,134,136,137,137,137,140,105,61,54,40,18,18,17,25,72,98,101,108,120,102,88,89,80,79,76,63,51,29,15,15,16,13,16,7,75,140,149,156,143,138,138,138,135,137,137,138,141,140,138,139,136,133,133,132,132,132,131,131,130,128,126,126,125,123,121,121,119,117,115,114,113,114,113,111,110,110,111,111,111,113
176,173,171,169,166,161,159,157,155,152,148,151,148,139,142,142,141,140,135,135,134,136,136,135,136,133,132,132,134,131,132,116,79,101,88,68,84,88,86,116,67,115,118,82,95,138,134,136,130,127,134,137,137,138,87,53,55,35,16,20,16,39,84,103,98,98,114,102,90,85,79,72,73,67,59,35,17,17,20,13,14,8,75,143,150,153,145,142,137,136,134,135,135,138,140,139,139,139,138,138,136,134,132,132,129,128,127,128,128,126,125,125,123,121,118,117,116,114,114,114,114,113,111,111,112,111,112,113
176,175,172,170,165,163,159,155,154,153,152,154,149,141,141,139,138,139,135,134,132,132,130,130,133,136,136,134,134,132,137,109,96,127,90,61,79,75,93,105,74,112,104,88,105,140,134,133,112,102,120,133,139,130,70,54,54,30,16,21,15,49,90,106,95,92,106,91,90,83,75,62,66,66,58,34,19,14,22,15,12,9,83,145,152,149,144,143,139,137,137,135,133,137,138,138,139,140,139,138,138,136,134,134,130,128,126,125,128,125,125,124,122,120,119,116,118,116,115,114,114,113,113,113,114,113,112,113
177,174,173,171,169,166,159,154,154,153,152,154,153,149,145,141,139,136,135,135,133,131,129,126,131,134,137,137,135,134,136,104,109,136,98,58,71,70,107,99,81,102,86,92,115,143,130,111,80,72,93,112,136,116,56,55,48,26,17,23,19,59,98,113,104,99,96,86,90,87,71,51,57,59,49,33,23,14,22,18,13,8,85,147,150,146,143,142,141,141,139,137,137,137,137,137,139,139,139,138,140,139,137,133,132,129,127,125,123,126,124,122,122,120,119,118,119,118,115,115,114,114,113,113,114,114,113,112
175,172,172,171,168,168,162,153,156,154,152,153,156,154,149,146,143,141,136,136,134,133,128,126,129,131,133,134,135,134,135,97,106,108,87,58,60,59,109,93,82,90,76,87,110,137,113,70,56,67,70,82,123,92,48,51,43,23,20,23,23,67,103,109,114,113,98,89,89,83,65,53,50,50,46,35,23,15,22,19,12,10,87,148,147,143,143,141,143,143,144,144,144,141,139,139,139,138,139,140,141,141,138,134,133,131,130,129,124,123,123,122,123,120,119,119,119,117,116,115,117,114,113,113,115,115,114,114
176,174,171,168,165,164,160,154,155,153,150,157,157,154,151,147,145,145,140,138,133,131,129,130,130,130,130,130,132,132,131,93,87,67,67,70,60,51,89,76,83,101,71,64,86,116,79,47,54,66,70,73,97,64,45,46,46,21,20,23,30,75,104,108,112,113,101,96,92,78,64,60,47,43,46,36,22,15,20,19,15,12,86,148,147,144,144,142,146,146,146,147,147,146,145,143,141,138,139,142,142,143,138,135,133,133,132,129,128,122,123,122,123,121,119,122,120,118,117,117,117,115,114,114,115,115,114,116
183,177,173,169,162,160,156,153,151,151,156,163,162,153,148,148,146,147,143,140,138,136,132,130,130,131,130,128,126,135,122,81,72,55,67,82,68,61,73,57,97,125,83,63,60,69,57,52,52,59,68,77,79,46,51,48,42,21,23,22,35,83,108,110,111,112,101,95,88,77,64,67,51,39,40,31,22,15,19,22,14,11,88,148,145,144,145,143,146,148,149,149,149,148,148,148,145,142,144,144,142,141,137,135,135,134,132,130,128,128,125,124,122,121,120,120,123,120,119,120,117,116,116,116,117,116,116,116
190,182,180,171,164,157,154,153,151,149,158,165,164,154,149,148,147,148,145,146,145,143,136,133,131,130,121,117,117,160,117,67,67,58,70,80,64,77,102,56,100,136,100,78,57,62,83,68,83,61,59,78,65,46,48,50,40,17,24,22,41,94,109,109,108,108,103,88,80,74,70,68,58,45,34,27,24,14,19,23,15,12,92,151,148,145,144,143,148,150,149,152,152,149,151,151,150,150,148,146,139,140,137,137,138,135,131,130,129,130,130,127,123,122,121,121,121,120,119,119,118,118,118,118,118,117,116,117
199,188,182,174,170,160,154,154,152,152,155,163,163,153,150,149,149,151,151,151,145,143,139,137,135,134,115,101,94,146,103,52,56,62,71,77,63,84,123,66,94,121,101,68,65,106,109,95,127,81,54,81,54,53,42,48,36,16,27,23,49,99,113,112,118,113,101,87,72,71,70,64,50,45,39,31,26,15,19,22,15,10,98,157,153,152,152,148,151,152,150,154,152,151,154,153,153,154,152,148,142,140,137,136,135,135,133,131,131,130,130,128,127,125,123,121,120,118,120,119,119,118,119,118,119,118,117,118
205,192,184,176,174,163,156,158,157,157,154,161,160,152,149,149,150,154,155,154,146,143,139,138,139,140,128,116,83,91,74,54,50,73,76,92,76,89,125,75,116,103,81,53,89,132,108,121,140,84,74,84,55,60,47,53,32,17,28,23,50,85,106,119,121,118,106,89,70,70,65,58,47,39,38,34,25,15,20,23,15,11,104,163,159,160,158,157,157,155,151,154,152,153,155,154,154,155,152,149,144,140,139,138,136,133,134,131,131,131,130,129,128,127,125,124,124,121,119,119,119,119,119,119,119,118,119,120
202,191,182,179,177,164,161,163,165,158,156,159,157,152,150,149,151,153,154,150,145,144,141,140,140,142,141,129,86,73,67,59,60,72,80,117,89,81,104,77,138,93,55,56,95,119,110,132,112,85,106,68,70,54,44,56,25,18,28,18,29,52,85,117,113,116,112,88,73,71,67,56,49,47,40,35,26,16,20,21,15,12,107,168,167,165,161,160,163,158,156,155,153,156,154,155,155,154,150,146,144,142,140,138,137,133,132,131,131,132,131,130,129,129,127,126,126,124,121,119,118,119,118,119,119,119,121,121
198,191,181,177,174,167,164,167,165,159,157,159,157,154,151,150,149,149,145,143,145,144,141,139,140,140,137,117,79,74,70,73,97,71,74,124,88,75,76,68,119,79,50,57,73,87,119,114,90,118,111,59,73,47,45,53,20,20,28,21,40,40,43,95,115,105,101,87,79,82,76,62,45,47,44,33,22,16,19,18,17,11,111,174,173,172,164,161,164,163,160,160,156,156,155,154,154,150,147,144,144,143,140,139,138,137,134,131,131,133,132,130,132,131,130,127,128,127,125,121,120,119,118,117,118,121,121,121
197,187,181,176,173,170,166,168,165,160,160,161,161,157,154,150,149,145,143,142,146,146,139,124,126,132,122,98,77,67,72,83,114,87,70,107,77,71,64,57,71,61,56,56,55,65,105,90,112,146,95,58,67,46,47,48,18,23,26,28,60,61,34,45,93,95,93,83,79,90,80,63,52,40,46,35,21,16,16,18,14,12,113,177,176,173,164,164,169,166,162,164,164,161,157,151,147,145,145,144,143,142,140,139,139,138,137,134,133,134,132,131,132,132,133,131,129,129,126,124,123,122,120,119,119,120,121,121
199,191,184,181,177,171,169,166,165,161,163,167,166,160,153,151,151,150,144,143,147,146,136,116,108,109,98,89,74,64,79,78,114,101,67,75,65,69,61,52,53,63,59,84,78,57,68,106,142,148,82,79,68,41,49,44,16,27,21,16,14,22,33,26,36,72,83,70,70,81,73,60,55,40,44,37,20,16,17,17,13,13,115,177,174,169,165,169,172,167,165,166,165,161,154,151,145,142,143,144,144,143,140,139,140,138,136,138,136,137,135,132,133,133,132,132,132,130,128,125,124,124,123,122,121,121,122,121
200,193,187,187,183,174,169,167,166,162,162,166,166,159,154,155,156,155,148,145,147,144,134,146,120,97,95,82,74,72,83,76,100,91,62,62,61,73,52,52,56,74,76,118,92,57,82,131,152,135,78,87,63,41,55,41,16,27,23,15,17,19,26,23,17,24,46,52,71,80,68,54,49,44,45,37,17,15,19,16,14,13,110,176,173,170,176,172,172,165,164,168,162,155,151,149,146,145,144,144,143,140,139,141,140,139,138,140,140,139,140,136,136,132,132,132,133,131,129,127,126,124,125,124,123,124,123,121
202,195,191,192,189,179,172,168,166,162,166,169,166,159,159,161,157,156,150,148,140,126,119,167,141,99,97,74,100,100,93,84,87,74,59,60,63,82,51,52,58,89,87,114,90,81,106,139,148,123,80,75,54,40,58,32,17,28,26,14,11,14,17,16,12,13,21,43,46,58,59,50,50,55,49,34,16,15,19,14,12,6,102,159,155,189,156,173,177,163,164,161,155,150,149,150,146,146,146,146,141,137,139,142,143,143,142,143,142,140,140,139,137,135,133,133,132,131,129,127,127,126,126,126,125,125,127,123
204,198,197,194,188,182,175,168,164,162,168,173,168,161,166,167,155,153,150,148,135,120,109,146,124,88,82,81,126,113,93,92,94,77,86,73,58,75,53,59,59,89,82,88,104,110,105,133,148,125,72,67,47,45,56,26,19,30,26,13,10,12,13,14,11,11,14,52,45,30,32,44,48,51,42,26,15,14,18,11,31,44,88,110,88,87,133,149,123,163,162,158,153,150,150,150,149,149,148,146,144,141,140,141,142,144,144,144,145,142,140,139,139,138,137,135,131,130,128,128,129,127,128,128,127,126,127,127
205,200,200,195,186,184,177,168,165,165,171,172,168,162,170,168,154,154,152,148,140,131,125,118,93,75,73,89,128,106,75,90,112,79,121,95,51,57,57,78,70,68,68,99,135,133,98,108,146,129,66,68,39,48,52,21,20,31,25,13,12,13,13,15,14,10,20,39,29,20,20,19,25,28,21,15,13,13,17,10,39,58,82,57,46,80,140,72,45,146,161,154,153,152,153,151,151,149,147,148,146,144,144,143,142,143,144,142,144,142,140,141,141,142,139,137,134,132,129,128,128,127,129,128,128,128,128,128
207,200,201,195,186,184,179,171,168,170,171,171,167,165,175,171,156,156,154,147,144,143,141,132,108,82,80,99,133,91,78,94,99,76,138,101,59,59,57,83,82,54,85,132,148,148,123,91,124,139,90,52,40,52,47,18,22,26,23,13,12,13,13,13,13,9,20,40,18,19,19,9,10,14,13,9,11,12,12,25,68,65,95,29,72,106,57,26,48,102,157,155,153,152,151,152,152,151,149,149,147,146,145,145,145,146,142,141,143,141,140,142,143,141,139,138,137,134,132,129,127,127,126,126,128,128,130,128
209,204,202,197,186,186,183,176,171,171,169,171,166,168,181,171,159,159,155,150,144,144,146,144,132,112,100,117,133,81,89,99,81,78,141,91,93,74,55,67,76,62,104,146,151,151,147,110,97,133,74,36,45,57,41,18,23,26,23,13,12,13,13,13,14,9,21,44,24,28,10,11,9,10,12,13,11,12,9,53,94,76,115,42,101,44,21,20,54,70,138,157,152,151,152,152,152,151,151,150,149,149,147,147,146,146,144,143,141,140,141,141,143,141,139,138,137,135,133,132,130,129,127,127,128,128,128,130
212,208,205,198,190,187,185,178,174,170,170,170,169,173,182,169,159,159,154,148,146,147,146,145,144,138,129,135,117,76,87,89,71,79,126,81,116,79,67,64,68,74,96,141,153,152,152,139,105,112,70,41,44,54,33,21,27,25,25,12,13,13,13,13,14,9,28,47,21,17,10,12,11,12,10,15,13,8,13,47,80,68,101,26,117,69,10,21,44,58,112,158,152,150,151,152,152,151,150,150,150,150,148,149,149,147,147,146,145,144,141,141,141,141,139,139,139,138,134,133,132,130,131,129,129,128,128,130
209,203,198,196,190,187,185,177,174,172,171,171,171,173,178,169,160,160,153,148,149,148,148,146,146,146,143,144,113,77,80,68,68,72,108,75,108,74,102,86,72,85,87,115,150,154,153,153,127,115,77,43,46,52,26,24,29,23,22,12,11,13,13,12,14,8,40,63,15,12,13,13,12,11,10,9,12,9,14,83,51,49,88,21,124,66,16,14,38,38,68,146,157,152,152,152,152,151,152,152,153,151,150,152,149,150,149,147,148,148,143,142,141,139,139,140,139,137,134,135,134,132,132,132,131,130,130,130
202,194,190,191,188,186,185,182,177,176,174,171,171,175,176,167,161,158,153,149,149,149,148,147,147,148,147,150,126,74,71,61,64,63,91,71,103,74,124,96,92,103,111,97,136,154,154,155,145,128,63,51,43,55,19,32,28,25,23,11,12,13,13,13,12,12,69,74,13,12,12,12,14,12,12,9,8,8,38,100,15,51,73,6,119,75,14,18,23,41,36,115,166,155,154,151,153,153,152,153,152,153,153,153,151,151,151,149,148,147,145,144,141,139,139,138,138,137,135,136,137,135,134,135,134,134,135,132
202,194,189,187,184,183,182,184,183,181,180,179,181,178,177,168,162,159,156,151,150,149,150,148,150,150,150,147,116,73,65,63,64,61,72,71,115,80,118,97,120,113,138,111,105,146,155,155,157,129,45,62,57,44,20,35,29,28,23,10,13,13,13,12,17,33,105,72,12,12,12,12,13,13,11,11,5,32,50,28,12,42,43,3,132,66,9,22,20,25,54,98,111,152,156,154,156,156,155,154,156,155,156,156,153,153,152,150,148,148,147,146,144,142,141,139,139,137,134,134,137,138,137,135,136,136,136,135
205,200,197,191,186,180,182,183,183,186,186,188,190,184,178,169,164,158,155,154,153,150,151,150,151,149,150,130,90,74,63,61,67,63,61,68,104,75,111,111,134,113,148,137,98,120,154,154,159,111,45,77,66,34,22,30,31,32,23,9,11,12,12,24,26,65,121,69,11,13,13,13,13,13,12,11,9,17,21,19,14,13,13,9,79,30,15,18,13,31,99,88,74,138,162,157,159,157,156,157,156,156,159,159,156,153,152,150,150,150,148,148,145,144,144,142,139,138,137,137,137,138,139,138,137,137,136,137
206,203,201,196,190,186,183,182,185,187,189,196,193,186,180,172,165,161,157,156,154,154,153,153,151,152,148,102,75,71,61,64,69,65,62,64,75,73,116,135,136,114,150,149,124,112,149,153,157,102,60,83,63,27,21,27,33,32,26,16,13,17,21,31,34,86,118,64,11,13,12,13,13,10,9,11,11,11,14,13,13,15,14,14,21,26,25,16,9,45,103,89,78,120,166,160,161,159,158,159,160,159,161,160,159,155,154,153,151,150,149,148,146,145,146,145,141,140,139,139,138,138,139,138,137,137,137,138
206,204,201,196,195,194,189,185,189,193,192,194,186,182,176,171,167,162,160,156,154,155,153,152,152,155,141,85,76,68,64,67,69,67,63,64,74,75,110,136,133,120,156,155,149,134,149,155,152,112,74,73,55,24,18,31,38,33,27,28,22,28,26,27,50,95,116,53,11,13,12,12,13,9,9,12,11,13,14,14,12,12,19,29,13,22,33,20,9,41,98,91,82,98,165,165,163,161,161,161,161,161,160,162,159,156,155,153,151,151,150,149,148,147,146,145,143,144,143,142,140,139,139,139,138,137,137,140
207,206,205,200,198,196,191,190,198,199,198,192,180,178,173,166,165,162,160,158,156,155,155,154,154,157,134,77,71,66,63,69,75,64,62,64,77,76,78,114,122,124,159,154,155,151,151,154,149,120,77,70,44,26,17,33,42,32,27,32,27,29,22,35,59,103,115,45,9,14,13,12,12,11,11,9,13,13,16,27,23,9,22,61,18,13,21,19,10,50,74,82,92,82,143,169,163,164,164,163,163,164,163,161,158,157,156,155,154,155,152,150,149,148,147,146,145,144,145,142,142,141,140,138,136,138,138,138
207,207,207,202,201,198,193,192,199,204,203,197,185,178,172,163,160,158,158,159,158,157,156,155,154,156,134,81,67,66,65,72,80,62,60,67,76,73,64,81,97,131,159,155,156,156,154,155,146,123,84,72,35,27,16,28,44,26,30,39,35,31,26,59,76,110,109,42,10,15,12,11,11,11,11,9,15,15,22,18,23,12,20,58,20,12,18,12,38,65,35,68,77,74,122,172,166,167,167,167,166,166,165,162,161,161,157,157,156,154,153,151,150,150,149,149,147,146,145,144,144,143,142,141,139,138,137,138
208,207,207,202,201,200,195,196,202,205,205,202,192,182,175,167,161,159,157,157,157,157,156,157,157,156,147,109,70,66,69,78,79,62,65,78,73,70,66,74,84,140,159,156,159,157,158,158,148,121,91,66,34,25,17,35,43,25,37,43,38,34,45,88,93,114,97,40,11,16,12,11,10,12,11,12,17,15,25,11,12,19,24,47,35,12,17,11,47,59,30,96,74,58,108,172,168,169,169,170,168,167,166,164,162,161,159,156,157,156,155,155,152,151,152,150,148,148,147,146,145,145,144,143,142,140,139,139
206,208,207,202,201,199,196,202,206,205,206,203,194,184,181,172,167,163,160,158,155,153,152,154,156,155,157,125,85,88,75,81,74,62,70,78,65,72,68,72,84,146,162,157,158,159,159,160,146,100,76,56,40,25,19,36,36,26,42,43,38,50,53,75,103,119,87,32,14,16,13,10,8,10,11,15,11,14,18,12,20,23,62,22,23,16,11,26,52,75,36,91,68,64,102,171,164,168,171,171,170,169,166,166,163,162,159,158,158,157,156,155,155,153,153,150,149,150,149,147,149,146,145,144,144,143,141,142
202,204,203,199,202,201,199,204,203,204,205,200,195,187,181,175,173,169,166,164,159,154,151,151,154,153,158,124,109,132,92,83,73,66,76,68,65,73,66,67,89,152,160,160,161,160,159,159,112,92,70,49,44,30,24,34,32,36,49,41,42,66,62,29,65,106,70,31,15,15,16,11,9,8,11,14,10,14,11,56,71,38,96,31,13,16,21,32,42,66,43,92,59,61,109,172,164,166,170,169,170,170,170,166,164,162,162,160,160,160,157,157,156,155,153,152,151,151,150,149,149,148,147,146,145,147,143,143
206,205,198,195,199,200,203,203,203,204,203,199,195,189,184,178,174,173,169,169,166,161,156,154,153,150,154,118,126,157,113,81,77,75,76,64,66,74,66,72,102,157,161,160,160,159,164,135,97,97,58,44,40,32,32,34,22,45,52,41,51,69,70,34,29,73,44,31,19,16,20,12,12,12,13,11,11,13,4,139,125,22,109,59,7,16,36,50,29,11,49,96,59,62,114,180,169,170,170,169,168,166,170,169,165,165,164,161,161,161,159,158,159,156,154,154,153,154,152,150,150,150,149,148,147,148,145,145
207,207,202,198,198,198,198,201,202,203,204,199,195,188,183,179,177,174,172,170,168,168,164,162,159,155,154,114,130,158,118,82,90,85,77,64,67,72,77,107,114,162,161,161,160,161,160,118,121,66,40,50,37,35,37,27,14,46,50,42,46,48,50,33,38,40,17,15,18,17,18,15,14,13,10,10,12,13,3,94,172,22,76,93,5,19,42,61,26,11,54,100,57,68,119,183,174,174,173,171,168,166,166,168,167,166,166,163,164,164,162,160,159,158,157,156,154,156,153,152,152,150,150,150,148,147,148,147
202,204,204,204,202,201,200,198,197,201,202,203,195,188,183,180,178,175,174,171,167,169,167,163,164,164,154,108,117,132,107,84,101,88,95,68,65,77,100,133,127,168,165,163,154,155,135,113,99,40,57,56,37,39,41,22,23,62,54,34,26,26,27,24,32,20,13,15,17,17,19,17,15,11,11,11,11,12,8,41,107,35,36,150,32,17,54,47,12,20,32,55,56,68,126,182,175,176,177,177,173,168,166,166,164,164,165,166,166,166,164,162,161,159,159,157,156,158,158,155,153,152,150,151,150,150,151,151
206,202,199,201,203,200,200,201,200,200,199,197,194,186,182,179,177,174,173,170,171,171,167,165,166,169,165,105,99,98,89,85,96,84,125,79,78,110,119,135,135,175,170,158,130,123,102,112,91,60,69,38,37,42,39,21,27,81,51,27,27,26,22,21,24,19,17,14,20,20,22,17,14,13,11,12,12,13,12,18,86,47,13,125,40,25,45,19,15,22,29,74,65,63,129,185,177,178,178,178,179,175,171,166,163,165,164,165,166,165,166,165,163,162,160,160,160,160,158,155,156,155,153,153,152,152,151,151
214,208,203,202,199,197,198,201,204,204,201,198,190,181,176,175,174,172,170,170,172,173,164,157,159,164,171,99,93,89,88,88,82,79,130,87,101,140,128,127,140,176,164,135,95,87,86,93,73,77,56,28,37,40,34,21,25,77,46,23,31,34,24,25,23,19,17,17,17,21,22,16,12,12,11,12,12,12,13,10,55,27,13,19,17,31,24,17,21,23,31,83,72,60,130,185,178,179,177,178,177,176,174,171,168,167,164,162,162,162,165,167,166,165,162,161,163,161,160,159,158,156,155,154,155,152,152,151
215,213,210,209,205,201,198,199,200,200,201,199,193,182,173,170,169,168,167,169,173,174,160,143,137,142,155,94,95,94,94,89,83,86,116,86,118,151,121,109,129,159,143,105,79,83,78,64,71,82,34,29,34,39,35,21,25,69,32,20,28,26,27,28,21,21,15,17,15,17,19,15,13,11,12,11,12,14,13,15,32,18,11,12,23,24,17,17,20,25,28,77,74,57,129,183,176,180,179,179,178,178,175,172,171,171,169,166,162,162,163,166,168,167,165,164,164,163,161,162,159,159,157,155,156,154,153,153
214,213,209,211,210,208,206,205,200,198,197,195,191,183,177,174,169,166,164,165,167,171,163,143,114,109,109,96,116,105,95,95,91,101,126,83,116,151,123,83,100,121,103,89,84,78,75,66,55,37,27,31,31,36,36,23,25,48,22,36,49,32,19,23,26,23,19,17,11,14,19,15,12,11,11,11,14,15,9,32,47,118,45,10,26,22,16,17,19,26,29,71,70,57,130,181,173,175,177,178,178,179,177,173,172,172,171,172,169,166,165,166,166,166,165,165,166,165,164,161,161,161,159,156,156,155,155,154
214,211,211,210,207,207,211,209,208,204,200,193,185,181,178,176,173,170,166,162,162,164,165,152,112,108,98,102,139,116,96,118,98,111,145,84,113,141,127,78,80,87,82,86,82,89,85,52,39,36,44,36,29,32,39,27,23,35,25,49,61,60,42,19,16,18,18,15,13,12,20,16,12,11,12,13,15,16,8,51,78,151,78,14,22,21,15,22,22,26,30,60,61,55,135,183,173,174,174,172,176,176,177,177,174,174,172,172,172,171,171,168,166,165,164,164,165,167,166,162,162,162,161,161,158,158,156,156
213,211,212,213,209,211,212,209,209,209,206,198,191,182,178,174,174,172,170,163,156,155,147,127,104,112,100,103,135,110,103,134,96,120,149,89,110,113,108,80,84,85,85,85,92,115,113,82,85,69,54,35,26,30,43,28,21,29,29,51,60,58,63,48,23,14,12,12,15,13,17,14,12,12,11,12,16,14,6,60,86,137,72,25,16,18,16,22,22,27,31,55,53,57,133,183,175,179,177,175,174,174,175,176,176,176,174,174,173,173,174,172,172,168,165,164,163,163,166,165,164,163,162,160,161,160,158,159
212,213,215,212,210,211,212,209,208,209,206,201,195,191,185,179,174,170,170,161,145,142,123,103,103,107,97,99,107,103,104,121,95,125,134,85,105,93,83,81,84,83,84,91,130,148,136,95,110,64,36,30,26,30,46,29,23,25,28,49,58,46,50,55,43,26,18,13,13,16,16,12,12,13,10,13,14,17,8,63,74,98,43,34,24,14,18,22,23,26,31,52,45,56,137,183,173,177,177,177,175,173,173,171,174,176,175,176,175,175,175,176,174,171,171,169,165,164,164,165,164,165,165,164,161,161,161,161
212,215,213,210,212,215,214,211,209,208,204,201,196,193,190,186,181,176,168,178,163,110,107,107,118,112,99,98,99,99,97,91,93,114,107,82,87,85,83,83,84,84,83,101,143,127,112,104,60,42,29,29,28,35,46,26,24,27,31,47,59,41,29,31,35,29,19,16,15,18,15,12,13,14,11,12,14,14,12,59,74,39,24,30,21,16,21,23,24,27,35,56,39,53,147,186,175,175,175,175,176,174,175,173,172,173,174,176,177,177,177,176,177,174,174,172,171,169,166,165,161,163,163,163,164,163,161,160
213,212,210,209,212,216,215,211,208,206,202,199,197,192,190,187,178,170,161,192,181,100,103,110,132,119,101,105,111,100,115,98,89,95,90,84,85,85,85,84,85,88,88,86,79,59,58,83,59,49,44,26,28,43,52,26,25,27,30,47,59,42,25,22,21,18,18,15,17,15,13,12,12,21,11,12,13,25,26,106,97,47,26,35,20,18,22,23,26,23,63,69,33,52,152,192,181,180,178,175,174,173,175,176,176,174,174,176,176,177,178,179,178,176,173,172,172,172,170,167,165,164,161,160,162,163,163,162
211,210,208,210,211,216,215,211,208,204,203,199,196,193,191,189,174,156,148,167,156,106,105,107,125,114,105,106,121,108,144,125,88,86,89,87,86,87,84,88,100,84,72,54,51,48,43,54,104,94,24,16,31,57,61,21,28,28,28,50,71,56,24,21,21,18,17,15,18,15,12,12,13,26,12,12,24,75,53,150,137,65,29,27,26,19,23,23,26,27,66,37,39,55,156,191,183,183,180,177,175,172,174,175,176,178,177,175,175,173,176,176,176,177,175,173,172,172,169,170,171,169,164,160,160,162,162,163
210,209,210,210,212,217,215,211,207,203,202,198,196,193,192,191,179,165,161,139,123,114,105,106,114,109,120,116,119,110,150,128,88,86,85,85,87,86,84,92,82,61,57,55,46,45,37,72,112,56,48,30,36,69,57,20,33,28,31,48,78,67,31,22,19,21,18,16,17,15,15,14,12,13,13,8,56,109,69,179,171,59,22,37,26,20,27,27,25,31,67,34,42,56,157,191,183,183,183,181,181,179,175,175,175,177,178,178,178,176,175,173,173,175,175,174,173,171,172,172,172,172,170,165,163,162,161,162
210,211,210,210,211,215,214,210,206,202,201,201,198,194,193,192,187,182,177,163,145,123,113,114,114,113,140,135,117,109,145,117,84,84,84,85,88,84,84,72,56,49,43,47,50,46,34,50,47,59,102,27,61,84,49,24,38,32,30,45,66,55,31,22,18,22,20,17,13,12,22,18,11,14,14,9,48,87,122,178,184,103,26,40,25,21,29,29,24,38,88,35,44,59,158,191,184,183,183,183,183,183,182,180,178,178,178,177,180,178,177,175,172,170,172,174,174,174,172,174,172,172,171,169,168,166,165,162
210,210,210,210,212,213,212,208,205,203,202,202,198,196,193,191,189,186,183,178,169,147,136,141,124,114,147,146,124,107,140,120,84,85,80,80,86,100,100,56,47,41,38,40,43,40,35,44,24,110,72,42,85,99,42,26,42,36,33,35,42,39,30,21,20,19,17,15,14,13,28,26,10,14,14,18,19,47,176,182,185,155,48,23,24,21,27,26,26,27,49,39,43,60,160,190,183,184,184,184,184,184,184,183,183,182,181,178,177,177,177,178,175,173,172,172,172,172,174,175,173,174,170,171,171,171,170,168
211,211,211,213,213,213,211,206,204,204,204,202,200,197,194,190,189,187,184,182,179,167,161,161,129,116,134,139,120,99,125,118,82,86,100,117,138,162,129,44,45,41,38,40,39,36,38,38,29,105,38,65,65,93,31,34,37,37,36,28,27,28,26,20,20,18,16,15,14,15,23,14,13,13,13,16,19,41,123,189,185,165,56,23,25,23,22,23,25,23,33,38,42,65,165,188,183,184,184,185,186,186,186,186,186,187,184,182,181,177,175,175,176,176,175,172,171,171,171,173,172,173,172,171,171,170,169,170
213,213,216,216,213,214,211,206,204,204,203,200,201,197,192,191,191,188,185,183,179,175,175,162,136,125,111,118,106,99,100,99,116,149,159,161,161,159,117,45,43,39,36,36,38,33,38,14,81,127,53,59,58,71,26,44,37,40,38,25,24,25,23,19,17,19,16,16,14,16,19,15,14,15,14,14,29,55,86,179,185,181,82,20,25,23,23,25,24,34,35,33,34,76,183,187,185,185,185,186,187,187,187,187,188,188,186,185,185,182,179,177,175,175,175,176,174,173,171,169,168,169,171,171,172,171,169,170
215,219,218,218,214,212,211,208,205,204,204,203,202,198,194,191,192,190,186,183,180,176,176,154,139,135,109,102,103,115,102,138,164,154,146,144,144,143,101,45,39,37,36,34,41,29,34,5,165,133,48,60,55,51,34,51,39,40,38,28,22,23,24,19,17,17,15,14,15,17,17,15,14,16,16,6,79,114,78,175,184,192,108,21,25,21,25,25,27,39,38,30,40,63,178,189,186,186,187,187,188,188,188,190,190,190,186,187,188,188,185,181,178,174,174,175,175,173,172,171,168,166,169,169,170,171,170,171
220,223,221,218,214,212,211,211,205,206,204,203,201,198,195,192,191,189,185,182,179,174,176,146,135,130,138,116,111,150,178,180,142,139,142,143,139,129,87,42,39,36,33,34,37,30,15,35,220,123,55,58,49,56,49,53,40,39,43,36,20,21,20,20,16,15,14,15,15,17,17,15,15,15,15,15,25,114,113,176,185,194,133,32,23,23,23,20,27,32,35,31,34,60,167,193,189,188,188,188,185,187,189,189,190,190,191,189,188,189,188,185,184,183,179,175,173,172,173,174,172,169,167,167,168,170,171,171
220,223,222,219,215,213,211,210,208,208,205,204,200,199,196,193,191,188,185,181,178,176,174,134,126,135,165,125,124,206,226,212,150,136,142,141,136,118,85,43,38,35,31,32,29,23,39,165,236,135,52,60,50,67,63,55,45,39,41,40,29,21,21,19,16,15,15,15,15,16,18,16,18,14,15,19,16,22,112,187,183,190,167,48,18,24,23,21,25,30,31,29,39,58,159,199,190,191,191,190,189,189,190,190,190,190,191,189,190,191,190,187,185,186,184,181,178,174,172,171,170,172,172,171,168,168,168,169
219,221,222,219,216,213,212,210,210,210,206,204,202,199,198,194,190,187,183,181,178,179,169,122,120,145,168,139,188,229,223,229,196,144,139,135,128,113,84,43,36,31,33,31,28,19,147,234,225,119,61,73,60,71,68,59,48,41,40,43,37,27,21,17,17,15,15,15,16,19,17,18,17,14,15,17,24,16,33,151,191,183,186,56,15,24,22,25,28,31,29,26,46,61,154,200,192,193,193,192,191,192,191,191,192,191,191,193,192,193,191,190,188,187,187,185,184,180,175,174,171,171,172,173,172,172,168,168
219,219,219,218,216,214,213,212,211,210,208,204,203,199,198,195,189,186,184,179,178,180,160,118,127,133,166,208,225,223,224,229,219,151,126,123,122,105,81,44,38,35,32,30,17,46,214,229,196,79,73,83,66,78,71,66,53,43,41,47,41,36,22,17,18,16,16,16,17,19,16,18,16,14,17,18,26,26,19,45,173,192,195,91,13,24,21,24,30,32,26,26,40,61,161,199,194,195,195,193,194,194,194,194,194,193,193,195,193,195,191,190,190,189,189,188,186,183,180,178,176,174,170,171,173,174,173,171
220,219,218,218,217,217,214,214,212,211,208,204,203,200,198,194,190,186,185,183,179,180,150,132,148,135,203,229,223,227,227,220,175,128,113,112,113,99,83,46,37,41,34,29,6,128,231,227,140,67,83,87,68,77,74,62,55,44,41,45,46,35,22,19,19,17,17,18,19,18,16,15,16,16,14,17,26,29,31,22,67,181,192,167,28,22,24,23,25,31,27,30,31,58,162,200,193,195,196,195,196,196,195,195,195,194,194,194,194,194,192,190,190,191,190,189,189,182,187,184,182,179,176,174,171,170,171,172
220,219,218,218,217,217,215,214,213,213,208,205,205,202,199,195,190,187,186,183,182,180,145,149,156,189,228,225,219,196,210,171,131,113,108,106,104,99,90,49,36,38,33,20,37,206,229,205,82,79,91,92,71,82,76,60,57,49,40,42,47,37,25,22,20,19,21,21,19,19,17,17,17,16,14,17,25,29,27,29,19,115,192,193,121,22,22,21,23,28,26,32,31,64,108,185,198,195,196,195,196,196,198,199,198,196,195,196,195,194,193,191,191,189,189,190,187,195,199,183,182,181,179,178,175,174,172,170
220,218,218,218,219,217,217,215,214,212,210,206,207,204,200,198,192,190,190,187,185,178,139,161,198,226,226,222,139,35,72,122,114,107,102,101,104,109,99,53,40,34,31,6,119,229,232,138,46,90,87,90,75,84,79,66,68,54,38,42,46,37,28,22,19,18,21,21,19,19,19,20,18,18,16,18,23,22,23,29,20,76,189,187,168,35,21,24,22,25,27,27,53,99,85,151,202,194,196,196,196,196,198,199,200,198,197,195,195,194,191,192,190,187,188,187,192,209,184,187,183,180,179,179,178,178,176,174
221,219,219,219,217,217,217,216,214,212,210,207,207,204,202,199,194,193,193,187,188,168,151,210,226,225,217,159,37,3,80,119,107,103,99,104,108,111,99,60,36,32,18,31,202,228,217,57,40,87,86,91,77,84,80,69,73,59,36,40,44,35,26,22,21,21,23,21,21,19,19,21,18,17,17,18,22,21,23,27,24,51,183,195,171,38,20,26,30,26,21,44,69,57,66,125,203,194,196,195,194,196,196,196,197,198,197,195,195,196,194,193,190,190,188,196,220,204,184,187,184,181,180,180,179,180,179,177
221,219,220,219,217,216,218,216,213,211,210,210,207,205,204,199,194,193,192,189,185,178,208,225,225,218,165,127,114,114,127,107,100,98,99,109,113,108,100,51,23,29,3,109,229,231,160,16,44,84,84,86,77,87,87,76,71,60,38,40,42,33,24,23,21,23,25,23,21,20,21,22,18,17,15,17,19,23,22,24,24,38,126,201,175,39,24,27,29,45,106,58,36,69,64,103,199,195,195,196,196,196,195,196,196,195,196,195,196,195,194,191,192,191,200,220,223,191,189,186,184,183,183,180,180,180,180,179
222,220,218,218,218,218,216,215,212,211,210,209,207,205,201,199,195,193,191,187,194,220,225,225,217,169,137,124,132,128,111,100,93,96,105,115,114,106,97,52,26,23,26,197,228,224,81,15,46,88,84,82,80,85,85,81,77,60,43,41,40,34,28,24,25,25,26,23,24,21,23,22,17,18,16,16,19,22,23,23,23,44,87,157,126,20,26,28,17,47,61,31,51,131,50,87,189,197,195,196,195,195,195,195,195,195,193,194,196,195,197,193,192,206,222,224,191,185,190,186,183,182,181,181,180,179,179,180
223,221,218,216,217,216,215,215,212,212,211,209,206,204,201,197,193,192,189,201,219,224,227,213,176,165,130,120,124,115,100,95,88,94,112,115,108,99,91,58,35,12,103,232,230,179,24,18,44,86,89,87,77,77,83,83,79,62,44,33,29,25,18,17,20,24,22,25,25,24,27,25,17,17,15,19,21,20,19,21,17,42,102,110,98,33,11,25,54,59,33,18,91,157,41,73,173,199,194,193,195,194,195,195,196,196,195,193,195,197,196,194,207,224,223,188,180,190,188,186,186,181,179,178,176,177,180,177
222,220,219,218,217,215,213,215,212,212,208,208,208,202,198,196,193,192,207,225,223,226,215,174,188,156,120,124,118,107,97,86,102,160,110,105,98,87,79,63,25,20,190,229,226,96,11,16,35,86,96,91,80,78,82,79,73,61,39,76,111,96,83,71,67,56,40,31,20,15,16,21,19,15,15,7,10,17,23,31,43,80,142,156,133,119,125,158,217,159,33,4,147,147,39,69,151,195,189,193,194,193,199,204,215,218,207,193,194,195,196,209,224,223,167,167,196,187,188,185,184,181,179,178,177,177,177,175
221,220,219,219,217,215,214,214,212,211,208,207,203,201,199,195,196,211,224,224,227,217,177,205,194,136,126,127,123,107,92,83,178,211,100,102,97,141,168,175,69,80,232,226,203,72,53,48,54,92,148,199,188,186,182,176,172,165,152,201,228,223,220,216,212,201,187,166,144,118,102,51,15,15,18,103,140,153,168,183,199,212,221,226,223,227,232,229,234,160,18,17,208,137,50,90,127,194,184,189,197,203,156,186,229,227,201,192,193,196,212,224,229,176,158,193,190,189,188,185,182,180,178,177,176,175,174,176
222,220,220,218,216,215,215,214,213,210,208,207,203,200,198,198,214,223,223,226,220,172,211,222,171,130,124,124,118,107,80,78,230,196,96,89,124,222,228,237,86,162,232,224,219,205,204,203,193,103,192,231,227,227,230,234,234,235,227,223,225,226,227,227,228,229,232,232,231,230,234,161,14,10,42,219,233,231,228,228,226,225,226,225,227,224,223,222,231,133,5,63,233,168,90,184,129,192,191,198,216,230,61,144,236,221,194,193,198,217,226,225,192,177,196,191,190,189,188,185,182,180,178,175,174,174,174,174
223,220,218,219,218,215,213,214,211,210,207,205,204,199,204,217,225,223,226,221,164,173,239,200,153,129,125,120,111,104,29,67,237,189,85,63,184,228,229,182,88,224,225,226,227,229,229,229,228,150,211,227,227,231,206,154,153,156,177,225,219,207,208,212,214,219,212,213,223,224,225,216,56,2,79,230,220,224,227,226,226,224,227,219,205,214,227,223,232,112,6,134,234,167,130,234,136,192,141,156,232,209,59,191,230,212,190,198,216,227,227,187,180,197,190,191,191,188,186,182,181,180,178,178,176,174,174,174
224,221,219,218,219,215,213,212,209,208,207,204,203,201,221,225,223,227,220,173,127,201,232,188,142,127,123,116,109,94,4,70,237,192,57,122,231,222,236,109,147,234,221,221,225,222,224,223,222,221,229,206,136,126,74,12,17,15,129,236,162,52,61,64,66,76,129,205,225,225,223,237,102,3,136,235,222,212,199,187,170,153,123,118,180,221,224,222,235,87,14,196,235,112,157,235,144,176,41,136,235,161,73,227,225,201,194,218,224,226,181,168,197,192,190,191,190,188,184,183,180,179,178,179,177,176,174,172
224,220,219,219,218,216,213,213,209,207,206,203,190,211,223,217,222,214,172,151,139,227,221,173,135,120,117,107,101,102,3,68,236,171,76,216,225,229,201,79,212,228,213,120,115,182,227,224,217,221,231,188,97,110,120,136,105,6,167,235,100,2,5,4,38,126,200,226,223,224,232,196,49,7,185,233,214,92,56,42,19,14,67,169,224,226,228,221,170,33,73,229,211,77,199,234,162,118,39,199,235,107,119,235,219,205,218,225,226,181,166,196,193,194,193,191,188,187,186,182,179,179,178,176,178,177,172,172
223,220,218,218,217,217,213,212,208,210,204,176,203,224,224,226,215,170,175,154,163,243,207,169,150,144,149,144,167,193,24,50,234,171,168,232,222,235,127,122,233,233,156,5,39,202,229,219,192,225,227,224,227,231,231,237,144,22,210,231,98,35,90,154,211,234,227,222,229,217,157,64,0,47,218,232,177,6,2,2,43,140,221,229,224,223,203,123,42,7,145,235,166,86,230,229,185,47,76,231,221,68,176,235,222,224,225,221,177,164,190,190,191,191,192,190,188,185,184,181,180,179,177,176,176,175,172,173
225,221,220,219,218,218,214,213,212,201,170,180,196,198,188,194,193,177,181,154,167,184,178,176,180,184,188,198,223,233,127,43,222,218,224,221,223,212,75,193,229,222,77,5,169,232,229,165,170,230,218,222,226,226,222,225,70,58,231,226,192,166,216,232,228,223,227,223,172,84,37,31,1,96,232,233,123,5,43,127,207,225,224,223,215,202,91,14,11,26,200,238,113,132,233,225,197,23,123,233,174,56,203,212,219,226,228,191,168,193,185,188,187,187,188,188,186,184,182,179,180,180,177,179,176,175,173,173
225,223,222,219,218,214,214,212,210,199,212,216,217,213,204,202,209,208,201,204,200,197,200,205,207,204,205,209,222,223,226,154,189,231,213,212,222,141,95,220,216,170,28,129,216,197,182,80,187,230,219,205,188,161,137,126,15,111,234,223,228,228,224,223,225,224,179,96,34,29,46,29,2,152,232,222,89,95,196,228,221,217,225,190,188,221,62,16,3,76,231,222,80,187,227,228,199,45,180,236,121,87,229,213,209,218,225,217,201,191,189,188,186,184,183,183,181,181,181,181,180,178,179,175,175,173,176,176
224,224,223,221,216,214,214,217,219,224,223,220,221,223,222,223,222,222,228,228,227,228,226,227,226,226,227,228,224,221,229,203,128,206,208,226,225,79,173,230,230,90,95,230,221,223,86,100,231,217,145,58,36,17,30,75,13,160,233,226,224,224,221,226,187,95,37,29,48,51,48,18,20,200,228,209,194,220,220,214,222,211,141,69,195,227,90,8,10,159,235,179,82,225,221,227,205,100,217,233,72,146,234,225,224,212,222,224,217,197,190,190,188,184,181,179,177,176,177,178,178,177,177,177,175,178,177,179
222,223,222,224,229,227,227,221,222,220,219,220,219,221,217,219,221,220,219,216,217,218,216,217,216,219,218,216,221,220,229,186,36,127,227,232,162,78,228,230,177,82,219,228,229,149,19,177,216,185,41,15,59,99,162,184,50,190,223,218,213,214,211,217,189,76,45,60,52,49,44,6,75,220,213,219,229,220,222,231,183,90,12,55,229,200,92,28,117,230,236,122,119,235,206,191,222,178,231,199,54,199,234,197,152,225,220,225,228,218,196,187,186,186,183,182,179,176,174,172,173,176,178,178,179,181,181,182
220,220,225,202,121,109,165,235,222,221,224,224,222,223,224,223,222,221,222,222,222,223,227,224,225,228,227,224,218,218,218,115,4,138,230,230,82,145,235,223,131,189,225,223,194,41,58,213,170,163,110,178,201,205,227,183,73,212,212,207,226,219,219,219,228,220,131,54,45,56,41,100,205,223,221,223,224,228,193,116,32,15,3,101,238,172,75,124,220,221,226,81,163,237,160,124,233,215,233,149,61,220,232,147,17,143,225,222,222,220,196,185,184,183,184,184,184,180,177,177,175,174,176,178,182,184,187,186
217,216,224,190,23,0,18,142,232,228,226,227,228,229,228,227,230,228,227,226,208,204,207,194,176,172,155,126,105,96,127,63,53,215,223,180,56,201,221,202,187,211,200,197,99,9,108,205,196,214,230,231,219,217,234,131,101,234,194,83,170,223,219,220,212,219,224,167,78,45,146,233,228,225,225,231,216,146,52,6,10,21,4,142,235,132,62,214,225,224,190,67,203,228,100,75,228,209,226,87,57,219,225,86,2,19,144,216,212,203,189,182,184,181,182,182,181,183,183,180,180,176,176,178,180,184,185,184
212,215,215,224,160,18,1,10,113,212,211,203,191,169,139,136,142,140,130,109,89,73,56,43,29,21,13,6,4,11,73,28,141,232,227,97,104,220,213,214,220,201,205,123,34,25,180,216,216,220,216,207,194,190,163,56,150,236,161,7,33,148,222,219,218,218,219,225,208,106,138,231,222,225,224,177,79,13,9,17,15,12,15,192,233,112,176,233,216,222,137,97,235,217,48,58,234,224,222,43,95,225,208,134,13,1,22,177,227,192,181,176,176,178,181,184,183,183,183,183,183,181,179,180,181,182,179,180
206,208,213,211,222,171,35,1,3,50,67,43,30,13,2,2,3,5,6,8,10,11,20,25,31,49,61,59,56,61,59,38,214,228,198,49,186,229,223,226,221,229,161,35,12,17,194,233,225,222,195,140,81,46,43,23,198,236,129,1,2,16,120,220,233,223,224,221,225,226,167,177,228,231,152,24,4,12,17,15,16,11,42,220,219,193,231,208,212,220,88,144,234,187,11,40,223,228,180,18,147,210,191,196,129,7,1,48,190,225,214,189,170,174,175,177,180,183,183,184,184,182,182,184,183,182,179,177
199,201,205,207,205,218,189,62,9,20,32,49,87,105,103,99,99,93,164,172,130,116,116,112,103,103,97,86,77,74,25,112,233,233,117,72,228,216,220,209,193,173,52,20,11,3,98,226,194,117,52,12,6,44,24,57,228,224,116,44,8,2,9,82,193,229,225,224,222,233,173,133,234,225,74,6,20,16,15,12,18,3,78,231,223,229,197,158,220,211,69,195,237,141,7,23,210,236,116,25,191,217,195,187,202,111,1,1,55,190,235,190,166,176,172,172,172,177,180,182,183,183,179,179,180,183,182,180
190,194,196,201,205,201,210,200,171,185,195,202,207,205,202,199,186,166,242,205,142,125,118,105,97,94,88,79,72,58,27,187,233,214,33,88,233,212,204,184,194,84,18,27,12,0,16,97,49,5,8,19,23,48,5,111,236,207,90,75,59,13,2,1,39,143,217,227,224,229,104,167,235,201,35,13,17,16,16,13,13,2,114,234,222,223,100,145,232,171,53,186,163,71,6,6,181,219,58,19,195,224,189,191,190,194,84,2,1,51,189,218,168,172,176,173,172,172,173,171,177,180,180,178,178,182,183,183
175,183,187,193,198,198,197,200,208,206,204,199,196,194,192,188,166,180,233,175,136,122,117,104,101,95,86,77,72,32,82,229,232,154,3,24,177,231,217,217,132,27,27,25,20,2,3,7,15,21,27,27,20,19,3,161,236,177,60,69,75,69,32,4,2,9,83,181,231,175,53,209,235,159,12,13,14,17,16,10,10,2,85,233,223,141,9,154,238,125,9,46,30,26,12,1,75,103,21,3,100,207,192,193,190,190,195,85,1,2,49,190,219,167,171,176,175,173,170,168,168,171,173,174,176,180,181,181
156,166,174,181,186,190,191,191,195,196,196,197,197,196,193,191,162,207,223,164,131,120,115,105,97,90,79,72,67,20,165,232,219,85,2,0,56,204,233,165,40,28,27,24,23,18,17,25,24,21,27,24,35,22,9,187,235,130,14,26,34,49,55,37,11,3,2,33,130,69,72,229,230,112,3,16,10,13,14,22,10,1,22,185,178,27,1,58,207,78,4,11,17,25,13,1,13,43,35,3,103,199,195,196,195,191,191,193,85,1,3,50,190,214,168,168,172,172,170,170,167,167,167,166,170,174,178,179
126,141,155,167,176,180,182,185,189,192,194,194,194,194,192,186,165,228,206,152,123,118,111,103,99,86,74,77,43,59,224,233,172,46,25,2,1,88,192,65,27,32,25,22,21,25,24,24,21,21,21,23,30,17,3,162,237,89,9,14,15,16,14,21,18,6,4,2,17,5,126,234,221,67,10,14,15,13,12,28,13,2,3,63,67,3,3,1,78,39,16,26,20,23,24,22,29,44,70,12,145,210,196,198,197,195,192,190,193,86,0,0,51,190,215,169,170,169,167,167,167,167,168,166,167,168,170,174
101,112,133,147,159,168,170,177,182,185,189,189,191,191,191,178,186,232,189,143,118,118,113,102,96,84,78,82,20,131,227,220,99,34,55,22,0,13,62,27,31,31,24,23,22,24,21,21,20,20,19,21,24,12,2,84,217,54,16,17,16,20,21,14,15,16,11,13,19,7,174,236,191,27,15,18,14,11,10,24,15,4,2,7,10,16,3,12,26,16,22,24,21,23,26,30,32,38,72,54,132,209,197,200,196,195,194,190,189,192,88,0,1,53,189,213,169,171,172,166,165,168,167,168,169,168,167,169
89,92,103,119,137,150,160,168,174,177,180,183,186,186,188,173,213,220,177,133,119,120,111,101,96,88,96,69,35,199,223,183,44,41,55,45,6,16,23,31,29,27,23,25,23,22,20,21,23,20,20,18,22,13,1,20,136,30,19,17,16,25,29,23,23,21,23,26,6,33,206,236,146,4,15,16,17,13,12,19,15,10,8,17,18,15,13,16,35,17,22,25,20,23,25,26,30,37,62,68,114,205,197,199,197,195,193,191,189,187,192,88,1,1,53,190,214,169,173,176,169,168,166,165,169,170,171,172
79,82,87,94,108,128,144,154,163,168,171,177,180,182,179,181,228,203,163,130,121,116,110,101,101,98,106,34,97,232,227,118,28,45,50,40,25,27,29,29,24,26,24,24,23,22,21,21,23,19,17,16,20,18,1,10,37,21,20,17,21,25,21,22,18,20,23,24,1,75,229,230,96,2,16,14,16,18,13,21,19,10,12,12,14,14,16,14,29,17,22,25,20,22,24,27,26,49,81,65,95,198,199,198,197,194,194,193,189,187,186,191,89,1,1,56,191,213,171,176,179,173,171,170,168,167,167,170
69,72,77,80,86,100,122,138,149,156,162,168,173,174,172,201,225,186,148,124,117,114,108,107,107,111,97,23,174,231,196,53,31,41,51,38,27,27,28,30,25,26,23,25,22,22,20,20,19,16,17,17,19,19,13,12,16,19,20,18,22,21,17,18,17,17,19,19,0,126,234,213,49,7,15,14,16,16,16,25,18,9,13,10,11,13,14,14,24,19,20,24,19,22,24,27,25,61,80,65,77,182,201,195,194,192,192,192,190,189,184,186,191,94,1,1,57,189,202,167,176,177,176,176,174,168,166,166
64,66,70,72,75,80,91,111,129,141,150,159,162,165,172,214,206,164,131,116,114,114,113,116,114,119,60,59,225,233,134,27,31,39,48,30,31,31,29,32,24,27,25,24,20,19,18,17,20,23,27,25,25,24,29,20,18,16,18,17,20,17,16,16,17,14,20,13,7,175,235,180,20,13,13,14,16,16,16,21,16,11,11,16,19,18,16,18,19,18,20,25,20,22,23,27,25,77,68,65,66,159,204,193,194,192,192,193,191,188,186,185,184,189,95,1,1,64,188,206,170,173,177,174,175,174,172,169
56,60,62,64,65,69,71,82,104,123,136,146,151,153,186,208,177,136,121,113,114,116,118,121,115,114,26,138,236,207,68,28,29,37,42,29,33,32,30,28,24,25,24,13,15,17,19,25,32,29,25,24,23,20,29,23,25,14,17,17,20,18,13,15,13,12,22,4,38,211,234,132,7,18,13,14,7,3,5,13,14,13,12,14,12,12,13,13,12,14,18,16,11,15,24,24,30,81,54,65,60,138,205,193,194,195,193,191,190,188,187,186,183,182,190,96,1,2,71,194,212,193,176,174,175,175,174,173
50,54,55,56,60,62,64,67,76,95,113,128,137,148,195,179,142,120,113,111,113,118,123,120,122,87,39,217,187,93,41,32,26,34,40,26,25,29,27,24,23,23,34,67,41,29,35,31,23,22,21,21,20,20,25,19,22,84,53,10,22,24,18,15,14,13,21,3,82,228,229,82,5,17,15,11,63,87,88,36,9,16,12,13,13,11,12,14,17,12,53,81,78,57,20,22,37,87,44,62,59,112,203,192,193,194,193,192,191,189,188,187,186,182,182,186,94,1,1,74,191,221,195,173,175,174,175,173
45,46,48,50,54,55,59,59,61,67,86,107,117,152,178,136,116,106,104,107,113,121,124,122,127,41,113,184,61,40,37,32,25,34,34,24,26,30,25,27,26,18,99,162,129,40,29,21,22,21,20,23,21,17,27,11,83,218,177,26,18,23,19,17,18,19,23,4,132,235,189,35,13,16,13,7,150,207,205,78,1,16,12,11,13,13,12,18,38,16,107,186,182,128,17,20,45,78,37,60,57,90,195,196,194,193,193,191,191,190,187,185,184,183,179,176,185,95,1,3,86,189,205,179,173,175,175,174
42,42,43,47,48,50,53,54,58,59,61,76,100,153,134,108,99,97,103,108,114,124,124,128,103,31,148,71,48,42,32,30,28,38,31,21,27,27,23,27,22,15,126,73,145,54,11,23,22,21,19,22,22,17,27,2,135,103,159,81,7,20,18,19,20,21,14,9,185,221,66,8,15,16,12,1,152,86,149,73,2,14,12,13,13,15,15,17,28,0,116,118,90,123,15,19,52,64,35,50,50,71,185,201,195,192,192,191,190,188,186,184,181,179,178,176,174,180,98,1,13,151,185,178,175,174,174,176
36,38,39,41,45,46,48,49,51,53,53,52,77,112,93,89,87,87,101,107,110,119,118,127,55,80,120,59,53,37,33,29,29,37,27,21,26,27,25,28,13,8,51,13,135,67,11,22,19,20,21,21,21,22,18,1,140,41,126,96,2,37,20,18,17,24,3,38,225,112,6,13,12,16,9,0,75,38,154,34,2,9,5,5,8,7,6,16,31,1,64,43,98,93,9,14,63,53,31,48,40,57,165,200,193,192,191,190,189,187,185,183,179,178,177,176,174,172,180,105,1,113,182,172,175,175,176,177
31,33,35,38,40,41,44,45,47,48,47,48,56,64,70,73,78,82,95,101,109,113,120,103,38,133,84,58,44,36,33,29,32,36,27,22,26,26,24,26,8,11,4,34,154,45,16,20,21,21,19,22,22,21,18,15,153,42,130,101,27,88,44,11,18,25,2,92,161,22,17,13,10,13,7,8,1,49,165,43,44,46,41,44,41,47,45,83,88,25,23,24,158,75,30,39,73,50,58,64,41,44,142,201,191,192,192,189,186,185,183,180,179,178,175,175,173,172,172,184,100,103,182,173,173,175,177,178
26,29,32,34,36,38,40,41,42,43,45,46,50,51,57,62,67,75,86,99,105,110,118,59,82,126,62,56,40,32,32,33,31,32,27,22,26,28,22,25,21,27,7,94,120,18,23,22,25,24,22,21,19,24,56,50,163,49,132,119,61,100,67,32,33,44,18,136,84,26,32,36,25,29,29,15,1,99,147,48,58,62,57,62,60,60,58,96,90,51,22,65,169,50,38,47,54,39,44,40,46,38,118,199,189,190,189,187,183,181,182,179,181,178,174,174,172,173,172,173,176,162,174,173,176,175,176,176
23,23,27,29,30,33,36,37,39,41,41,43,46,48,51,54,57,66,79,92,95,105,95,40,131,85,58,50,39,27,55,48,31,30,28,23,24,28,22,23,27,19,18,144,64,18,24,22,21,21,21,22,11,52,35,1,147,49,131,94,5,83,41,33,32,24,33,151,41,21,20,28,39,36,31,23,4,137,91,1,16,11,11,12,15,14,9,46,66,23,1,90,151,16,20,21,28,29,32,40,49,41,91,193,185,187,186,183,182,181,180,179,178,175,172,172,172,173,174,175,174,175,174,174,175,174,174,175
20,21,23,25,27,29,32,35,35,36,38,43,44,45,47,50,53,54,67,78,83,91,53,58,122,59,55,44,33,33,97,68,42,31,28,21,23,29,25,23,27,3,73,133,22,27,25,24,25,23,23,20,25,61,7,2,149,47,130,96,6,37,29,25,47,12,68,140,17,21,21,18,22,20,19,16,11,161,53,10,22,17,18,18,22,21,22,36,34,28,4,131,121,54,47,29,30,31,33,34,46,53,64,178,184,183,184,182,179,178,178,176,175,173,173,172,172,171,173,173,175,174,174,173,174,173,173,173
17,19,20,23,24,25,29,30,30,32,36,41,41,42,44,44,47,48,55,61,67,67,28,55,70,55,49,40,30,46,107,93,58,30,26,21,23,30,21,20,23,9,131,107,67,72,57,58,60,58,60,57,65,33,11,1,137,125,171,71,8,21,16,15,21,2,107,101,2,14,13,14,13,14,16,2,30,167,25,7,13,11,11,12,13,15,16,36,44,35,4,154,81,23,30,28,27,31,34,34,41,52,48,161,191,180,180,178,176,175,174,175,175,172,170,170,172,170,170,173,172,173,171,170,171,173,172,172
17,17,18,18,21,21,25,26,27,28,34,37,40,42,42,44,46,46,49,48,51,48,32,51,52,51,42,37,31,63,85,113,76,34,22,21,21,27,22,22,12,15,134,141,148,58,12,22,20,21,19,17,22,19,13,2,65,209,162,19,18,18,14,14,20,4,119,49,8,14,14,17,17,16,19,1,65,149,7,14,14,15,15,14,13,18,21,32,61,44,24,161,49,20,27,28,28,30,31,32,39,53,44,141,190,178,180,178,176,175,172,171,174,171,169,169,170,170,171,170,172,168,167,168,168,168,168,170
14,15,15,16,17,18,19,23,24,25,31,33,37,37,40,42,42,44,43,41,41,43,46,48,46,44,40,36,38,87,67,123,102,44,20,21,19,24,25,21,8,4,30,38,45,22,12,15,13,14,12,15,19,21,14,3,3,51,36,10,22,19,15,16,21,7,34,15,15,12,13,13,14,14,16,0,28,42,10,13,15,14,18,19,14,18,18,21,54,37,12,52,25,28,28,28,28,29,30,32,36,50,47,94,182,177,178,176,175,172,173,172,172,171,171,171,171,173,173,173,173,170,169,169,169,167,167,167
13,13,13,15,15,17,16,19,20,23,29,30,34,34,37,40,40,40,40,37,37,39,42,42,42,40,39,33,52,101,62,89,93,41,21,21,19,22,24,24,11,3,0,8,17,18,27,33,21,22,20,19,20,20,18,8,4,8,14,15,23,21,16,18,18,9,13,16,13,13,13,14,13,14,13,5,11,10,13,15,14,14,18,19,15,19,18,18,39,34,14,14,26,28,27,26,28,28,28,32,33,46,53,60,165,181,175,174,174,172,173,173,172,171,172,172,173,174,173,173,171,171,171,171,170,167,168,168
13,13,13,14,13,15,16,17,17,21,25,27,30,31,32,35,37,37,35,34,35,34,36,37,38,38,38,32,68,98,63,29,31,26,26,23,20,24,24,21,20,22,27,23,21,27,40,31,18,20,19,20,20,19,18,21,20,17,15,14,21,18,14,19,19,14,17,15,14,14,12,13,12,15,13,16,16,16,14,14,14,15,16,19,15,20,20,17,36,55,47,18,30,28,27,26,27,27,28,31,31,42,51,65,152,180,177,177,176,174,174,173,174,173,174,173,174,175,173,173,173,175,174,172,172,171,171,169
12,12,12,12,12,13,13,13,14,19,20,23,25,27,30,31,34,34,33,33,32,33,33,35,35,35,35,36,73,78,52,30,31,29,26,24,20,22,24,19,26,27,24,22,19,34,34,25,27,20,19,19,19,18,18,21,22,14,15,16,22,18,12,20,17,13,15,15,15,15,11,17,12,20,21,13,15,15,15,16,13,17,18,22,17,18,23,15,44,54,31,23,28,28,27,26,27,27,27,32,32,37,54,58,110,179,177,176,177,176,175,174,176,174,175,175,175,176,176,175,174,175,177,176,174,173,174,173
11,13,13,11,10,12,11,11,12,14,17,19,21,23,27,27,30,31,30,30,31,31,31,32,33,34,32,47,74,56,40,39,35,30,29,26,21,22,23,19,25,29,24,22,23,45,36,40,27,18,22,19,18,18,17,19,22,15,15,16,22,17,16,22,15,15,15,14,13,12,12,24,16,21,21,12,14,16,16,16,16,19,17,19,21,18,26,16,52,48,22,27,29,28,27,26,26,26,26,30,33,36,51,53,76,173,180,178,178,177,177,176,176,176,177,178,178,176,176,173,173,173,176,174,173,177,175,174
11,11,12,10,10,10,10,9,12,13,14,16,19,20,24,26,27,29,29,27,30,32,32,29,31,34,32,49,58,41,35,37,35,31,29,29,22,22,23,18,28,29,24,21,25,35,33,39,19,19,20,19,18,16,16,16,24,17,13,18,27,18,18,21,17,18,15,14,14,13,13,16,22,15,17,14,16,16,16,16,14,18,18,21,25,21,24,20,47,36,13,29,29,28,26,26,26,27,28,28,30,35,54,53,70,170,181,178,179,178,177,177,177,177,175,177,178,175,175,173,173,173,173,173,175,177,175,174
10,10,10,8,9,9,10,10,10,11,11,12,16,19,20,22,25,26,25,28,29,29,30,29,30,31,31,32,37,36,36,35,36,33,30,30,24,24,25,22,29,27,25,19,21,18,23,21,18,18,18,16,15,15,17,14,20,17,13,16,24,19,22,19,16,16,16,15,13,14,11,10,15,12,13,13,12,12,15,16,17,19,20,24,26,25,19,27,27,16,22,29,27,26,28,25,26,27,26,27,26,40,47,51,61,156,182,178,180,180,178,177,177,178,177,177,177,178,178,174,176,174,174,173,174,173,172,173
13,12,10,10,10,9,7,8,10,11,11,11,13,15,18,19,21,23,25,26,27,28,28,29,29,29,28,27,29,34,34,35,35,37,30,30,28,25,26,22,23,26,25,21,19,27,21,19,20,20,18,17,16,16,17,14,20,17,13,17,19,16,23,15,15,14,16,13,13,14,13,12,19,13,12,13,14,14,14,16,19,20,22,35,119,53,18,26,30,24,28,29,33,30,25,27,27,26,26,26,28,41,37,52,52,140,184,178,179,179,178,177,177,177,177,177,177,179,178,177,176,175,174,173,175,173,174,176
